7,00;11,00
7,00;5,00
9,00;13,00
6,00;13,00
8,00;12,00
7,00;8,00
5,00;6,00
2,00;21,00
4,00;7,00
4,00;10,00
8,00;11,00
22,0;8,00
3,00;7,00
8,00;8,00
6,00;7,00
2,00;9,00
4,00;4,00
6,00;19,00
5,00;7,00
4,00;8,00
4,00;8,00
0,00;9,00
11,0;13,00
2,00;11,00
10,0;6,00
4,00;7,00
6,00;1,00
9,00;14,00
7,00;4,00
6,00;12,00
0,00;14,00
1,00;14,00
2,00;10,00
4,00;9,00
8,00;10,00
3,00;9,00
5,00;1,00
2,00;12,00
9,00;12,00
6,00;14,00
9,00;9,00
6,00;8,00
11,0;7,00
5,00;12,00
4,00;7,00
3,00;7,00
4,00;16,00
7,00;7,00
10,0;10,00
5,00;15,00
6,00;6,00
2,00;8,00
6,00;14,00
8,00;12,00
5,00;14,00
5,00;11,00
5,00;10,00
4,00;16,00
3,00;9,00
7,00;15,00
3,00;16,00
4,00;12,00
6,00;12,00
7,00;6,00
6,00;12,00
7,00;11,00
4,00;12,00
2,00;11,00
0,00;6,00
5,00;11,00
7,00;8,00
6,00;13,00
5,00;12,00
5,00;1,00
3,00;12,00
5,00;12,00
7,00;11,00
9,00;23,00
6,00;12,00
5,00;10,00
6,00;5,00
6,00;8,00
5,00;7,00
1,00;3,00
8,00;8,00
4,00;6,00
4,00;10,00
7,00;11,00
6,00;8,00
3,00;7,00
5,00;10,00
7,00;8,00
4,00;11,00
8,00;10,00
6,00;9,00
8,00;13,00
3,00;15,00
5,00;6,00
1,00;10,00
4,00;15,00
5,00;8,00
5,00;13,00
8,00;8,00
5,00;21,00
5,00;7,00
5,00;10,00
4,00;11,00
3,00;8,00
7,00;7,00
3,00;8,00
4,00;7,00
6,00;9,00
7,00;4,00
6,00;7,00
7,00;8,00
4,00;8,00
2,00;9,00
5,00;13,00
7,00;11,00
6,00;8,00
5,00;7,00
5,00;10,00
3,00;8,00
0,00;11,00
5,00;10,00
7,00;9,00
9,00;13,00
6,00;15,00
5,00;6,00
6,00;10,00
6,00;15,00
10,0;8,00
5,00;8,00
1,00;21,00
8,00;7,00
3,00;10,00
5,00;11,00
7,00;5,00
4,00;13,00
8,00;13,00
6,00;12,00
8,00;8,00
3,00;6,00
5,00;21,00
1,00;7,00
4,00;10,00
5,00;11,00
16,0;8,00
5,00;7,00
8,00;21,00
2,00;8,00
9,00;7,00
6,00;32,00
9,00;9,00
6,00;4,00
11,0;7,00
5,00;8,00
4,00;8,00
3,00;9,00
4,00;13,00
7,00;11,00
10,0;6,00
5,00;7,00
6,00;1,00
2,00;14,00
6,00;4,00
8,00;12,00
5,00;14,00
5,00;55,00
5,00;10,00
4,00;9,00
3,00;10,00
7,00;9,00
3,00;1,00
4,00;12,00
6,00;12,00
7,00;14,00
6,00;9,00
7,00;8,00
4,00;7,00
2,00;12,00
0,00;7,00
5,00;7,00
7,00;16,00
6,00;7,00
5,00;10,00
5,00;15,00
3,00;6,00
5,00;8,00
25,0;14,00
9,00;12,00
6,00;14,00
5,00;11,00
6,00;10,00
6,00;16,00
5,00;9,00
4,00;15,00
8,00;16,00
6,00;12,00
8,00;12,00